signal,zone,n,mean_pp,full_mean_pp,effect_pp,p_value,n_decades_observed,n_decades_same_sign,n_decades_opposite,decade_detail,class,threshold
M2_GROWTH,LOW,113,13.48466796808571,10.502222120088858,2.9824458479968508,0.022,4,2,2,"1980s:N=20,eff=-6.7pp; 1990s:N=57,eff=-3.8pp; 2010s:N=11,eff=+4.9pp; 2020s:N=25,eff=+4.4pp",REGIME-DEPENDENT,decile
M2_GROWTH,HIGH,21,12.379561440945263,10.502222120088858,1.8773393208564055,0.5855,1,0,1,"2020s:N=21,eff=-3.6pp",INSUFFICIENT (one decade),decile
MARGIN_M2,LOW,19,22.324955386036457,9.705173708639311,12.619781677397146,0.001,2,2,0,"2000s:N=18,eff=+18.7pp; 2020s:N=1,eff=+8.3pp",MOSTLY,decile
MARGIN_M2,HIGH,7,-4.825502280024855,9.705173708639311,-14.530675988664166,0.0145,2,2,0,"2000s:N=3,eff=-15.6pp; 2010s:N=4,eff=-10.7pp",MOSTLY,decile
MCAP_M2,LOW,3,42.2829013964801,10.275924248781749,32.00697714769835,,1,1,0,"2000s:N=3,eff=+42.5pp",INSUFFICIENT,decile
MCAP_M2,HIGH,90,15.281982430387728,10.275924248781749,5.0060581816059795,0.003,3,0,1,"1990s:N=62,eff=-0.8pp; 2000s:N=10,eff=-16.7pp; 2020s:N=18,eff=+1.1pp",FAILED,decile
NDX_SPX_RS,LOW,28,0.7692709556174079,10.025127404110346,-9.255856448492937,0.0025,3,2,1,"1990s:N=8,eff=+2.1pp; 2000s:N=17,eff=-9.1pp; 2020s:N=3,eff=-5.1pp",REGIME-DEPENDENT (lean),decile
NDX_SPX_RS,HIGH,41,14.377584636876781,10.025127404110346,4.352457232766435,0.0765,3,2,1,"1990s:N=25,eff=-2.7pp; 2000s:N=10,eff=+3.1pp; 2020s:N=6,eff=+20.5pp",REGIME-DEPENDENT (lean),decile
NET_LIQUIDITY,LOW,0,,13.850203307831354,,,0,0,0,,INSUFFICIENT,decile
NET_LIQUIDITY,HIGH,30,12.933949557692884,13.850203307831354,-0.916253750138471,0.66,1,1,0,"2020s:N=30,eff=-3.0pp",INSUFFICIENT (one decade),decile
RUT_SPX_RS,LOW,35,19.785820296248627,10.024405281584944,9.761415014663683,0.0,4,3,0,"1990s:N=11,eff=+12.3pp; 2000s:N=3,eff=+6.7pp; 2010s:N=7,eff=+4.6pp; 2020s:N=14,eff=+0.3pp",DURABLE,decile
RUT_SPX_RS,HIGH,25,3.1194980009124986,10.024405281584944,-6.904907280672444,0.0245,4,3,1,"1990s:N=6,eff=-6.0pp; 2000s:N=13,eff=-7.5pp; 2010s:N=2,eff=-3.0pp; 2020s:N=4,eff=+6.4pp",REGIME-DEPENDENT (lean),decile
SOX_SPX_RS,LOW,9,-8.447886877930793,7.679146866636236,-16.12703374456703,0.0055,2,2,0,"2000s:N=8,eff=-10.3pp; 2020s:N=1,eff=-7.7pp",MOSTLY,decile
SOX_SPX_RS,HIGH,12,13.610913743636313,7.679146866636236,5.9317668770000775,0.197,3,3,0,"1990s:N=2,eff=+7.3pp; 2000s:N=6,eff=+8.4pp; 2020s:N=4,eff=+7.0pp",DURABLE,decile
M2_GROWTH,LOW,188,12.961635363696827,10.502222120088858,2.459413243607969,0.004,5,2,3,"1980s:N=33,eff=-3.5pp; 1990s:N=70,eff=-2.0pp; 2000s:N=18,eff=+9.5pp; 2010s:N=33,eff=-2.7pp; 2020s:N=34,eff=+4.0pp",FAILED,quintile
M2_GROWTH,HIGH,48,10.714907498194085,10.502222120088858,0.21268537810522764,0.918,3,2,1,"2000s:N=12,eff=+4.7pp; 2010s:N=11,eff=+4.6pp; 2020s:N=25,eff=-4.5pp",REGIME-DEPENDENT (lean),quintile
MARGIN_M2,LOW,41,17.258742147615067,9.705173708639311,7.553568438975756,0.0005,2,2,0,"2000s:N=29,eff=+9.5pp; 2020s:N=12,eff=+11.7pp",MOSTLY,quintile
MARGIN_M2,HIGH,56,-3.5351341358321693,9.705173708639311,-13.24030784447148,0.0,3,3,0,"2000s:N=19,eff=-24.0pp; 2010s:N=34,eff=-5.3pp; 2020s:N=3,eff=-20.5pp",DURABLE,quintile
MCAP_M2,LOW,9,27.34614622211601,10.275924248781749,17.07022197333426,0.0015,1,1,0,"2000s:N=9,eff=+27.6pp",INSUFFICIENT (one decade),quintile
MCAP_M2,HIGH,140,12.442435643294443,10.275924248781749,2.166511394512695,0.0435,4,0,3,"1990s:N=71,eff=-0.2pp; 2000s:N=13,eff=-16.1pp; 2010s:N=17,eff=-7.0pp; 2020s:N=39,eff=-5.2pp",FAILED,quintile
NDX_SPX_RS,LOW,67,1.7018953871122586,10.025127404110346,-8.323232016998086,0.0,4,2,2,"1990s:N=17,eff=+2.9pp; 2000s:N=34,eff=-9.4pp; 2010s:N=3,eff=+6.0pp; 2020s:N=13,eff=-11.1pp",REGIME-DEPENDENT,quintile
NDX_SPX_RS,HIGH,77,14.810809433628187,10.025127404110346,4.78568202951784,0.005,4,2,0,"1990s:N=45,eff=-0.5pp; 2000s:N=16,eff=-1.3pp; 2010s:N=4,eff=+5.5pp; 2020s:N=12,eff=+16.1pp",MOSTLY,quintile
NET_LIQUIDITY,LOW,0,,13.850203307831354,,,0,0,0,,INSUFFICIENT,quintile
NET_LIQUIDITY,HIGH,57,14.678499888210617,13.850203307831354,0.8282965803792619,0.515,2,0,1,"2010s:N=3,eff=-2.5pp; 2020s:N=54,eff=-0.9pp",FAILED,quintile
RUT_SPX_RS,LOW,75,15.876864207500779,10.024405281584944,5.852458925915836,0.0,4,2,1,"1990s:N=20,eff=+8.5pp; 2000s:N=13,eff=+9.9pp; 2010s:N=20,eff=+0.8pp; 2020s:N=22,eff=-2.7pp",REGIME-DEPENDENT (lean),quintile
RUT_SPX_RS,HIGH,60,4.946139244342718,10.024405281584944,-5.078266037242225,0.0105,4,2,2,"1990s:N=12,eff=-6.5pp; 2000s:N=28,eff=-4.8pp; 2010s:N=13,eff=+2.0pp; 2020s:N=7,eff=+2.1pp",REGIME-DEPENDENT,quintile
SOX_SPX_RS,LOW,33,2.200533391268981,7.679146866636236,-5.478613475367255,0.0475,3,2,0,"2000s:N=17,eff=-7.5pp; 2010s:N=4,eff=+1.5pp; 2020s:N=12,eff=-3.2pp",MOSTLY,quintile
SOX_SPX_RS,HIGH,41,11.928613819461004,7.679146866636236,4.249466952824768,0.069,4,2,0,"1990s:N=3,eff=+0.2pp; 2000s:N=13,eff=+5.1pp; 2010s:N=10,eff=+1.0pp; 2020s:N=15,eff=+3.4pp",MOSTLY,quintile
